data_size,data_size_human,shards,expected,actual,ok,code,gas,exec_time_sec,mem_bytes,mem_pages,mem_human,message
1024,1.0KB,1,1024,1024,true,0,24,0.004147,8388608,128,8.00MB,
65536,64.0KB,1,65536,65536,true,0,24,0.034456,8388608,128,8.00MB,
2097152,2.00MB,2,2097152,2097152,true,0,24,0.008078,12582912,192,12.00MB,
4194304,4.00MB,4,4194304,4194304,true,0,24,0.014954,20971520,320,20.00MB,
8388608,8.00MB,8,8388608,8388608,true,0,24,0.019600,33554432,512,32.00MB,
10485760,10.00MB,10,10485760,,false,0,24,0.104049,33554432,512,32.00MB,
12582912,12.00MB,12,12582912,,false,0,24,0.103816,33554432,512,32.00MB,
16777216,16.00MB,16,16777216,,false,0,24,0.111800,33554432,512,32.00MB,
20971520,20.00MB,20,20971520,,false,0,24,0.124272,33554432,512,32.00MB,
25165824,24.00MB,24,25165824,,false,0,0,0.104684,8388608,128,8.00MB,
33554432,32.00MB,32,33554432,,false,0,0,0.080396,8388608,128,8.00MB,
41943040,40.00MB,40,41943040,,false,0,0,3.709512,8388608,128,8.00MB,
50331648,48.00MB,48,50331648,,false,0,0,0.097841,8388608,128,8.00MB,
58720256,56.00MB,56,58720256,,false,0,0,0.094554,8388608,128,8.00MB,
67108864,64.00MB,64,67108864,,false,0,0,0.101863,8388608,128,8.00MB,
